frame,face_detected,label,confidence,p0,p1,p2,p3,p4,p5,p6,p7
0,1,0,0.637427,0.63742657,0.01357343,0.23403852,0.00607542,0.00207278,0.04542344,0.02041590,0.04097394
1,1,0,0.672804,0.67280415,0.01375334,0.20364162,0.00566681,0.00187927,0.04144872,0.01859747,0.04220862
2,1,0,0.687106,0.68710585,0.01284840,0.19475738,0.00517284,0.00171793,0.03928839,0.01836508,0.04074414
3,1,0,0.687609,0.68760850,0.01208973,0.19796471,0.00534546,0.00182318,0.03565791,0.01844478,0.04106572
4,1,0,0.692222,0.69222232,0.01261552,0.19280230,0.00509907,0.00171631,0.03466488,0.01809760,0.04278199
5,1,0,0.701203,0.70120323,0.01230842,0.18783097,0.00479617,0.00155265,0.03101878,0.01630497,0.04498480
6,1,0,0.704692,0.70469195,0.01270876,0.17926154,0.00494005,0.00157104,0.02924678,0.01684682,0.05073305
7,1,0,0.714588,0.71458809,0.01253330,0.17197796,0.00529902,0.00163882,0.02614899,0.01643893,0.05137489
8,1,0,0.717759,0.71775866,0.01455328,0.15914950,0.00589396,0.00167275,0.02568688,0.01631245,0.05897252
9,1,0,0.709348,0.70934826,0.01496348,0.14880468,0.00678021,0.00174981,0.02744646,0.01707817,0.07382893
10,1,0,0.698140,0.69814007,0.01380366,0.15700317,0.00644618,0.00174606,0.02805303,0.02205812,0.07274971
11,1,0,0.719614,0.71961406,0.01368714,0.13885066,0.00624801,0.00158736,0.02465770,0.01985354,0.07550154
12,1,0,0.706598,0.70659827,0.01318187,0.15584539,0.00583413,0.00158565,0.02374766,0.01983239,0.07337465
13,1,0,0.714340,0.71433978,0.01318510,0.14974649,0.00572932,0.00157229,0.02119612,0.01870268,0.07552822
14,1,0,0.665420,0.66542015,0.01190252,0.20284288,0.00568529,0.00186160,0.02012211,0.02230751,0.06985795
15,1,0,0.645726,0.64572561,0.01124628,0.22428871,0.00565877,0.00210244,0.01926630,0.02375744,0.06795446
16,1,0,0.677140,0.67714036,0.01130180,0.19494364,0.00544493,0.00192886,0.01734615,0.02097752,0.07091673
17,1,0,0.636865,0.63686459,0.01138892,0.21842107,0.00540006,0.00223955,0.02217504,0.02779206,0.07571871
18,1,0,0.683737,0.68373698,0.01056269,0.18217277,0.00500219,0.00190435,0.01934041,0.02409112,0.07318950
19,1,0,0.724888,0.72488837,0.00965107,0.15629125,0.00452402,0.00164690,0.01817091,0.02107162,0.06375587
20,1,0,0.755793,0.75579311,0.00928456,0.13387747,0.00462845,0.00149684,0.01794526,0.01816343,0.05881088
21,1,0,0.735954,0.73595416,0.00908260,0.14910420,0.00477140,0.00166900,0.02008845,0.02031737,0.05901282
22,1,0,0.744729,0.74472877,0.00941432,0.14214137,0.00454731,0.00153368,0.01873163,0.01897705,0.05992585
23,1,0,0.758268,0.75826788,0.00905247,0.13920861,0.00414331,0.00134745,0.01720055,0.01658519,0.05419455
24,1,0,0.766332,0.76633226,0.00880787,0.13485064,0.00396021,0.00125657,0.01621024,0.01542918,0.05315303
25,1,0,0.764970,0.76497026,0.00873454,0.13717060,0.00379004,0.00118388,0.01561136,0.01478864,0.05375069
26,1,0,0.756103,0.75610294,0.00810031,0.14879159,0.00367673,0.00119149,0.01546604,0.01505893,0.05161196
27,1,0,0.733083,0.73308318,0.00881454,0.15909648,0.00436457,0.00154875,0.02053576,0.02014328,0.05241344
28,1,0,0.722134,0.72213397,0.01109896,0.15767830,0.00529382,0.00185431,0.02232517,0.02154813,0.05806734
29,1,0,0.698422,0.69842229,0.01170490,0.17294996,0.00621995,0.00248780,0.02540198,0.02607391,0.05673920
30,1,0,0.715953,0.71595347,0.01103173,0.16204808,0.00632347,0.00239958,0.02337471,0.02469493,0.05417404
31,1,0,0.732763,0.73276290,0.01076348,0.15260691,0.00628842,0.00228341,0.02166930,0.02279204,0.05083354
32,1,0,0.736939,0.73693872,0.01007759,0.14901629,0.00602319,0.00218146,0.02056130,0.02428653,0.05091492
33,1,0,0.690549,0.69054949,0.01121645,0.18684028,0.00639589,0.00254227,0.02263583,0.02679266,0.05302713
34,1,0,0.697241,0.69724066,0.01091162,0.17826912,0.00655015,0.00247641,0.02196366,0.02777654,0.05481184
35,1,0,0.694030,0.69403010,0.01250436,0.16265717,0.00709904,0.00238061,0.02299251,0.02630231,0.07203389
36,1,0,0.715528,0.71552828,0.01143877,0.14994985,0.00676238,0.00221635,0.01989968,0.02445837,0.06974633
37,1,0,0.722062,0.72206186,0.01051638,0.15210907,0.00631129,0.00207437,0.01947061,0.02344404,0.06401237
38,1,0,0.661697,0.66169748,0.01078916,0.20006379,0.00716831,0.00282836,0.02658359,0.03080642,0.06006288
39,1,0,0.682106,0.68210595,0.01026509,0.18143777,0.00700929,0.00259084,0.02505520,0.03009607,0.06143979
40,1,0,0.641202,0.64120181,0.00901065,0.22332978,0.00664937,0.00262601,0.02302516,0.03669000,0.05746722
41,1,0,0.657480,0.65748037,0.00833967,0.21200057,0.00632467,0.00242131,0.02107050,0.03542530,0.05693761
42,1,0,0.683222,0.68322157,0.00814532,0.19019155,0.00651232,0.00233233,0.01857163,0.03178244,0.05924284
43,1,0,0.650901,0.65090104,0.00722417,0.22609346,0.00598139,0.00232029,0.01853279,0.03426800,0.05467885
44,1,0,0.626084,0.62608381,0.00673783,0.25187458,0.00553721,0.00228741,0.01769033,0.03568137,0.05410746
45,1,0,0.638672,0.63867238,0.00628944,0.24033310,0.00529480,0.00214046,0.01674294,0.03549953,0.05502737
46,1,0,0.610706,0.61070563,0.00583317,0.26873731,0.00526980,0.00234531,0.01762257,0.03876847,0.05071773
47,1,0,0.578447,0.57844705,0.00565348,0.30049352,0.00558522,0.00253559,0.01817179,0.04068952,0.04842384
48,1,0,0.595874,0.59587435,0.00521878,0.29085212,0.00518707,0.00244103,0.01693817,0.03893663,0.04455184
49,1,0,0.576697,0.57669711,0.00580638,0.30703825,0.00520866,0.00238714,0.02004254,0.03532889,0.04749103
50,1,0,0.517923,0.51792299,0.00560957,0.36647845,0.00488476,0.00232568,0.02253666,0.03504518,0.04519671
51,1,0,0.493552,0.49355238,0.00527615,0.39474780,0.00474227,0.00233935,0.02331193,0.03477255,0.04125758
52,1,0,0.505782,0.50578206,0.00503322,0.38230649,0.00455475,0.00225685,0.02393088,0.03638874,0.03974701
53,1,0,0.559732,0.55973212,0.00529157,0.33343954,0.00483355,0.00219526,0.02101497,0.03258090,0.04091210
54,1,0,0.520419,0.52041929,0.00516057,0.37132083,0.00465393,0.00229980,0.02148515,0.03545033,0.03921010
55,1,0,0.541128,0.54112761,0.00535245,0.35045652,0.00447951,0.00214018,0.02054376,0.03370366,0.04219632
56,1,0,0.524879,0.52487938,0.00540633,0.36641648,0.00438588,0.00233870,0.02271961,0.03560780,0.03824583
57,1,0,0.529433,0.52943269,0.00651927,0.34844341,0.00442802,0.00236418,0.02658517,0.03915643,0.04307082
58,1,0,0.575295,0.57529480,0.00645085,0.30980086,0.00440463,0.00220366,0.02432551,0.03673889,0.04078081
59,1,0,0.607929,0.60792865,0.00674861,0.28015051,0.00457103,0.00214748,0.02364108,0.03427938,0.04053325
60,1,0,0.651258,0.65125775,0.00714261,0.23830044,0.00514139,0.00212827,0.02193164,0.03128529,0.04281261
61,1,0,0.666268,0.66626826,0.00740106,0.22371653,0.00467479,0.00190246,0.02149580,0.02896238,0.04557872
62,1,0,0.658598,0.65859826,0.00915275,0.22035336,0.00540274,0.00215715,0.02240106,0.02886911,0.05306556
63,1,0,0.676224,0.67622408,0.00821052,0.21350084,0.00498917,0.00197171,0.02063665,0.02730085,0.04716619
64,1,0,0.675598,0.67559752,0.00851160,0.21270718,0.00484711,0.00191618,0.02142819,0.02735850,0.04763372
65,1,0,0.693277,0.69327717,0.00816489,0.20296348,0.00465455,0.00178399,0.01897197,0.02401468,0.04616927
66,1,0,0.694997,0.69499668,0.00808729,0.20666020,0.00450242,0.00176080,0.01781958,0.02264078,0.04353225
67,1,0,0.708769,0.70876931,0.00909846,0.19171921,0.00495107,0.00185811,0.01796652,0.02216134,0.04347599
68,1,0,0.676395,0.67639544,0.00825385,0.21770276,0.00494046,0.00198701,0.01893770,0.03009653,0.04168626
69,1,0,0.665796,0.66579586,0.00772074,0.23307515,0.00454051,0.00187091,0.01902928,0.02909343,0.03887412
70,1,0,0.706984,0.70698365,0.00764826,0.20034863,0.00443169,0.00164310,0.01672212,0.02462136,0.03760118
71,1,0,0.730276,0.73027576,0.00871308,0.17859355,0.00489970,0.00166574,0.01610605,0.02244248,0.03730364
72,1,0,0.719644,0.71964391,0.00890742,0.18820680,0.00442981,0.00151509,0.01651320,0.02087826,0.03990552
73,1,0,0.742029,0.74202943,0.00795754,0.17340352,0.00432943,0.00139880,0.01589167,0.01884882,0.03614078
74,1,0,0.755387,0.75538652,0.00703274,0.16510160,0.00406685,0.00129519,0.01401394,0.01775413,0.03534904
75,1,0,0.743340,0.74334014,0.00674248,0.17371264,0.00396571,0.00133889,0.01756971,0.01940925,0.03392117
76,1,0,0.744071,0.74407138,0.00632314,0.17678562,0.00427867,0.00142925,0.01689060,0.01836711,0.03185422
77,1,0,0.722605,0.72260453,0.00578489,0.19954356,0.00408537,0.00141312,0.01683361,0.02009038,0.02964454
78,1,0,0.711929,0.71192890,0.00583016,0.20922790,0.00427961,0.00155447,0.01589965,0.02170951,0.02956981
79,1,0,0.732763,0.73276308,0.00551255,0.19158753,0.00459578,0.00154110,0.01457790,0.02072963,0.02869243
80,1,0,0.738284,0.73828426,0.00559183,0.18620891,0.00452639,0.00154785,0.01390310,0.02051357,0.02942408
81,1,0,0.723783,0.72378317,0.00556537,0.19757618,0.00486894,0.00179236,0.01418193,0.02212759,0.03010447
82,1,0,0.735572,0.73557231,0.00677112,0.17902209,0.00535424,0.00180268,0.01302076,0.02063374,0.03782306
83,1,0,0.712048,0.71204805,0.00771717,0.19502513,0.00599884,0.00210930,0.01771490,0.02090018,0.03848642
84,1,0,0.688208,0.68820774,0.01113260,0.19041721,0.00704881,0.00248997,0.02015681,0.02122742,0.05931944
85,1,0,0.707239,0.70723859,0.01297993,0.17239145,0.00665379,0.00226408,0.02189109,0.01868397,0.05789711
86,1,0,0.717228,0.71722801,0.01405723,0.15917620,0.00635635,0.00210666,0.02367060,0.01731240,0.06009255
87,1,0,0.712618,0.71261756,0.01373052,0.16378166,0.00695304,0.00228190,0.02516388,0.01797826,0.05749318
88,1,0,0.711998,0.71199779,0.01487251,0.15869870,0.00683465,0.00217474,0.02591172,0.01697786,0.06253203
89,1,0,0.679225,0.67922475,0.01635173,0.18733838,0.00683890,0.00225855,0.02671843,0.01728362,0.06398563
90,1,0,0.676798,0.67679840,0.01531358,0.19289998,0.00651433,0.00224747,0.02590419,0.01726191,0.06306014
91,1,0,0.677211,0.67721080,0.01423041,0.19349624,0.00683469,0.00234173,0.02445356,0.01779373,0.06363884
92,1,0,0.633212,0.63321242,0.01344264,0.23075407,0.00692178,0.00257529,0.02995130,0.02167270,0.06146980
93,1,0,0.612223,0.61222333,0.01217535,0.25003803,0.00656317,0.00254956,0.03537733,0.02513985,0.05593338
94,1,0,0.586350,0.58635005,0.01111341,0.28634911,0.00591396,0.00235692,0.03531725,0.02304634,0.04955296
95,1,0,0.547616,0.54761556,0.01020146,0.32217842,0.00562705,0.00245801,0.03891326,0.02699730,0.04600894
96,1,0,0.537303,0.53730321,0.00875488,0.34036097,0.00557741,0.00249480,0.03602262,0.02894161,0.04054449
97,1,0,0.536240,0.53624004,0.00831622,0.34968365,0.00564255,0.00256425,0.03221581,0.02826662,0.03707086
98,1,0,0.578529,0.57852864,0.00793704,0.31766328,0.00514563,0.00231894,0.02813391,0.02494700,0.03532557
99,1,0,0.594553,0.59455345,0.00986990,0.28748259,0.00611316,0.00262232,0.02976489,0.02701222,0.04258148
100,1,0,0.648179,0.64817944,0.00879484,0.24599224,0.00532158,0.00221361,0.02495162,0.02319477,0.04135190
101,1,0,0.680037,0.68003735,0.00882669,0.20981672,0.00559475,0.00197397,0.02254135,0.02154430,0.04966486
102,1,0,0.663201,0.66320130,0.00784545,0.23285655,0.00523594,0.00196127,0.02095880,0.02233932,0.04560137
103,1,0,0.638644,0.63864366,0.00676173,0.26844132,0.00463792,0.00185373,0.01929496,0.02107558,0.03929109
104,1,0,0.650848,0.65084770,0.00826674,0.24676392,0.00600670,0.00203508,0.01876706,0.01996194,0.04735087
105,1,0,0.620879,0.62087939,0.00758831,0.28234512,0.00556476,0.00206850,0.01905231,0.02013301,0.04236860
106,1,0,0.584626,0.58462639,0.00695679,0.32163701,0.00501072,0.00195371,0.01852109,0.02065300,0.04064129
107,1,0,0.590730,0.59072974,0.00668403,0.31797110,0.00474729,0.00188028,0.01765331,0.02023068,0.04010356
108,1,0,0.571894,0.57189360,0.00695415,0.32526842,0.00520363,0.00221774,0.02020323,0.02578688,0.04247235
109,1,0,0.550146,0.55014566,0.00639386,0.34293222,0.00496439,0.00218361,0.02217524,0.03198242,0.03922259
110,1,0,0.536389,0.53638910,0.00610952,0.35662997,0.00484909,0.00218955,0.02156274,0.03285473,0.03941531
111,1,0,0.583477,0.58347672,0.00584604,0.31278503,0.00480845,0.00202851,0.02081675,0.03242387,0.03781462
112,1,0,0.592213,0.59221254,0.01034159,0.28342238,0.00648197,0.00247782,0.02618907,0.03049506,0.04837957
113,1,0,0.603051,0.60305101,0.01009529,0.27978729,0.00572164,0.00221202,0.02652789,0.02729600,0.04530886
114,1,0,0.647197,0.64719672,0.00945819,0.24846762,0.00497242,0.00187617,0.02304024,0.02296434,0.04202430
115,1,0,0.691873,0.69187327,0.01016026,0.20856960,0.00474289,0.00162070,0.02001376,0.01936698,0.04365254
116,1,0,0.717636,0.71763590,0.01158715,0.18069526,0.00536475,0.00158394,0.02027152,0.01714838,0.04571310
117,1,0,0.744682,0.74468201,0.01053331,0.16136616,0.00476834,0.00139879,0.01834515,0.01536499,0.04354124
118,1,0,0.768076,0.76807645,0.00986325,0.14413319,0.00428718,0.00125136,0.01722362,0.01380561,0.04135935
119,1,0,0.770634,0.77063377,0.01196482,0.13753831,0.00399913,0.00113590,0.01746603,0.01206328,0.04519875
120,1,0,0.746400,0.74640037,0.01092842,0.16607643,0.00355875,0.00104372,0.01628612,0.01163493,0.04407125
121,1,0,0.761014,0.76101448,0.01119466,0.15055931,0.00373136,0.00098180,0.01654090,0.01079595,0.04518153
122,1,0,0.735480,0.73548005,0.01075918,0.17428097,0.00379321,0.00103635,0.01839450,0.01100289,0.04525285
123,1,0,0.729962,0.72996173,0.01048430,0.18154521,0.00355421,0.00097883,0.01890673,0.01062622,0.04394277
124,1,0,0.754376,0.75437556,0.00989606,0.16267464,0.00357004,0.00092591,0.01649925,0.00968792,0.04237062
125,1,0,0.681774,0.68177366,0.00900893,0.23710279,0.00344441,0.00106319,0.01750369,0.01094885,0.03915449
126,1,0,0.593761,0.59376053,0.00766754,0.32638490,0.00304471,0.00114376,0.01914577,0.01440853,0.03444425
127,1,0,0.594253,0.59425294,0.00793500,0.32539581,0.00327280,0.00127046,0.01901378,0.01418114,0.03467806
128,1,0,0.595070,0.59507012,0.00763346,0.32131930,0.00359343,0.00144439,0.02149217,0.01580368,0.03364345
129,1,0,0.566052,0.56605216,0.00717100,0.34930652,0.00351399,0.00154024,0.02070379,0.01787853,0.03383376
130,1,0,0.610711,0.61071060,0.00639931,0.30940916,0.00323981,0.00138893,0.01813057,0.01824236,0.03247926
131,1,0,0.581851,0.58185081,0.00604146,0.34051074,0.00322447,0.00150095,0.01755884,0.01903555,0.03027719
132,1,0,0.609494,0.60949421,0.00537749,0.31632349,0.00315172,0.00143519,0.01646385,0.01918213,0.02857192
133,1,0,0.605470,0.60547024,0.00521929,0.31776306,0.00329074,0.00155056,0.01579985,0.02204923,0.02885703
134,1,0,0.596608,0.59660844,0.00505258,0.32926089,0.00319396,0.00153582,0.01523558,0.02153973,0.02757300
135,1,0,0.544482,0.54448154,0.00455573,0.37575438,0.00299552,0.00160254,0.01683916,0.02779796,0.02597316
136,1,0,0.542376,0.54237595,0.00437682,0.37887607,0.00317870,0.00175142,0.01690272,0.02823291,0.02430540
137,1,0,0.558945,0.55894517,0.00452209,0.36137020,0.00310425,0.00163898,0.01601114,0.02704622,0.02736194
138,1,0,0.592109,0.59210889,0.00545626,0.32402612,0.00328388,0.00158991,0.01506672,0.02498350,0.03348470
139,1,0,0.581425,0.58142517,0.00546733,0.33459354,0.00317582,0.00154431,0.01520057,0.02474188,0.03385138
140,1,0,0.546222,0.54622232,0.00529936,0.36904448,0.00308740,0.00161803,0.01676323,0.02581943,0.03214574
141,1,0,0.597165,0.59716532,0.00568267,0.31574610,0.00334287,0.00160166,0.01992245,0.02438115,0.03215778
142,1,0,0.650867,0.65086689,0.00575361,0.26597786,0.00329481,0.00142849,0.01967684,0.02184013,0.03116136
143,1,0,0.685397,0.68539712,0.00593663,0.22949788,0.00332835,0.00134196,0.01862670,0.02152215,0.03434921
144,1,0,0.718484,0.71848438,0.00590815,0.20095851,0.00334376,0.00130858,0.01729966,0.01941099,0.03328598
145,1,0,0.735145,0.73514482,0.00585124,0.18567020,0.00366411,0.00136773,0.01707632,0.01921852,0.03200707
146,1,0,0.721530,0.72153039,0.00564949,0.19907513,0.00385110,0.00146003,0.01894203,0.01961157,0.02988025
147,1,0,0.694733,0.69473324,0.00572377,0.22094243,0.00408757,0.00160804,0.02252698,0.02073831,0.02963966
148,1,0,0.694777,0.69477714,0.00555903,0.21709131,0.00420316,0.00167102,0.02341853,0.02283826,0.03044154
149,1,0,0.662407,0.66240736,0.00554489,0.24679029,0.00430733,0.00195953,0.02324609,0.02559422,0.03015026
150,1,0,0.634797,0.63479669,0.00547439,0.27343788,0.00453585,0.00216594,0.02355999,0.02586564,0.03016362
151,1,0,0.637725,0.63772506,0.00515272,0.27386603,0.00419698,0.00193652,0.02578158,0.02375475,0.02758635
152,1,0,0.657588,0.65758810,0.00468664,0.26149286,0.00394732,0.00176995,0.02333821,0.02215007,0.02502685
153,1,0,0.645161,0.64516147,0.00484550,0.27094946,0.00369452,0.00160210,0.02260607,0.02283254,0.02830833
154,1,0,0.660920,0.66092040,0.00510887,0.25681923,0.00366560,0.00155108,0.02092978,0.02198230,0.02902274
155,1,0,0.667058,0.66705841,0.00532748,0.24851489,0.00391254,0.00170531,0.02047439,0.02355784,0.02944915
156,1,0,0.704906,0.70490595,0.00667280,0.20999867,0.00397799,0.00154329,0.01845439,0.02026008,0.03418684
157,1,0,0.720328,0.72032837,0.00623352,0.19994010,0.00393992,0.00149342,0.01759003,0.01902601,0.03144863
158,1,0,0.732636,0.73263573,0.00628731,0.18585975,0.00421827,0.00166255,0.01774506,0.02123294,0.03035840
159,1,0,0.746646,0.74664590,0.00823604,0.16339168,0.00570923,0.00183114,0.02146545,0.02093751,0.03178305
160,1,0,0.762116,0.76211613,0.00835634,0.15024609,0.00626663,0.00191667,0.02084117,0.02012513,0.03013183
161,1,0,0.778068,0.77806805,0.00942523,0.12867974,0.00646960,0.00179168,0.02070396,0.01916161,0.03570013
162,1,0,0.786750,0.78674976,0.01015555,0.11305702,0.00667399,0.00176947,0.02127239,0.01859220,0.04172962
163,1,0,0.802672,0.80267186,0.00995747,0.09943670,0.00635744,0.00164575,0.02002799,0.01806797,0.04183481
164,1,0,0.806222,0.80622196,0.01038874,0.09100957,0.00673999,0.00176863,0.01886906,0.01762571,0.04737633
165,1,0,0.821208,0.82120782,0.01064523,0.07875013,0.00761859,0.00177537,0.01659613,0.01597225,0.04743448
166,1,0,0.831837,0.83183660,0.01020172,0.07446444,0.00723134,0.00177828,0.01560249,0.01554273,0.04334239
167,1,0,0.843918,0.84391752,0.00924421,0.06983933,0.00699471,0.00175166,0.01423525,0.01458974,0.03942759
168,1,0,0.850291,0.85029132,0.00987728,0.06231170,0.00750938,0.00170272,0.01350889,0.01352200,0.04127671
169,1,0,0.851703,0.85170305,0.00936136,0.06029621,0.00830198,0.00194845,0.01332359,0.01456967,0.04049568
170,1,0,0.853402,0.85340180,0.00901247,0.05928788,0.00988223,0.00214785,0.01324877,0.01481757,0.03820143
171,1,0,0.853359,0.85335947,0.00903336,0.06242846,0.00920952,0.00200496,0.01281999,0.01371313,0.03743111
172,1,0,0.844905,0.84490476,0.00946112,0.06759984,0.00868634,0.00194953,0.01446972,0.01495509,0.03797360
173,1,0,0.846620,0.84662011,0.00810964,0.07439953,0.00750119,0.00174261,0.01277994,0.01489754,0.03394945
174,1,0,0.846201,0.84620064,0.00727556,0.07880524,0.00707843,0.00179927,0.01192527,0.01538076,0.03153484
175,1,0,0.818901,0.81890127,0.00695482,0.10468017,0.00708439,0.00195590,0.01216401,0.01782327,0.03043617
176,1,0,0.818410,0.81840976,0.00648546,0.10432218,0.00682227,0.00188303,0.01202643,0.01899279,0.03105808
177,1,0,0.817661,0.81766120,0.00582907,0.10606992,0.00665805,0.00191778,0.01198996,0.02062388,0.02925015
178,1,0,0.804702,0.80470170,0.00571613,0.11765784,0.00668434,0.00203533,0.01192375,0.02158104,0.02969986
179,1,0,0.807856,0.80785609,0.00603358,0.11211302,0.00646547,0.00197553,0.01240304,0.02105701,0.03209625
180,1,0,0.818254,0.81825403,0.00625486,0.10258705,0.00632621,0.00189215,0.01144102,0.01921177,0.03403291
181,1,0,0.826918,0.82691796,0.00574510,0.09779738,0.00601208,0.00176590,0.01057266,0.01783283,0.03335610
182,1,0,0.824687,0.82468719,0.00546814,0.10321181,0.00595005,0.00180617,0.01029977,0.01720208,0.03137480
183,1,0,0.837818,0.83781805,0.00539176,0.09320052,0.00580266,0.00166201,0.00921319,0.01527829,0.03163352
184,1,0,0.841833,0.84183301,0.00517229,0.08445194,0.00567468,0.00155823,0.00875100,0.01520506,0.03735379
185,1,0,0.851814,0.85181382,0.00507863,0.07676961,0.00528019,0.00146781,0.00832915,0.01382097,0.03743982
186,1,0,0.850371,0.85037073,0.00575463,0.06838467,0.00550896,0.00140364,0.00852972,0.01281050,0.04723714
187,1,0,0.864326,0.86432639,0.00520279,0.06093196,0.00545372,0.00137582,0.00748822,0.01173703,0.04348408
188,1,0,0.868900,0.86890038,0.00522466,0.05879108,0.00620810,0.00152833,0.00702883,0.01104799,0.04127063
189,1,0,0.877612,0.87761157,0.00468787,0.05513360,0.00598284,0.00148912,0.00628885,0.01069654,0.03810962
190,1,0,0.884232,0.88423196,0.00429132,0.05460809,0.00563612,0.00139378,0.00559597,0.00984385,0.03439890
191,1,0,0.889479,0.88947884,0.00448260,0.04838612,0.00567550,0.00134446,0.00533843,0.00921866,0.03607541
192,1,0,0.888935,0.88893488,0.00449131,0.04750617,0.00578319,0.00137991,0.00538970,0.01024603,0.03626880
193,1,0,0.876221,0.87622101,0.00407264,0.06203709,0.00533861,0.00137146,0.00516048,0.01159239,0.03420632
194,1,0,0.880831,0.88083089,0.00392966,0.05910213,0.00500405,0.00126987,0.00495341,0.01127813,0.03363185
195,1,0,0.884462,0.88446168,0.00382360,0.05672378,0.00490407,0.00121028,0.00465451,0.01112776,0.03309431
196,1,0,0.878840,0.87883964,0.00371786,0.06196823,0.00479601,0.00127348,0.00506785,0.01294663,0.03139030
197,1,0,0.880443,0.88044269,0.00457734,0.05507379,0.00522638,0.00125182,0.00500238,0.01176776,0.03665782
198,1,0,0.874494,0.87449434,0.00470339,0.05506065,0.00527336,0.00127339,0.00512595,0.01251139,0.04155752
199,1,0,0.846646,0.84664611,0.00622713,0.07378691,0.00642611,0.00175912,0.00775830,0.01340671,0.04398961
200,1,0,0.852783,0.85278274,0.00652370,0.06894981,0.00693388,0.00175773,0.00805084,0.01361213,0.04138918
201,1,0,0.851637,0.85163654,0.00686798,0.06908778,0.00855157,0.00196517,0.00937952,0.01394675,0.03856469
202,1,0,0.851965,0.85196491,0.00656570,0.06701498,0.00769656,0.00187588,0.01137866,0.01681561,0.03668770
203,1,0,0.844607,0.84460702,0.00676454,0.06892427,0.00770921,0.00203931,0.01750150,0.01776749,0.03468665
204,1,0,0.848771,0.84877133,0.00813266,0.06511309,0.00907655,0.00210137,0.01771259,0.01625869,0.03283372
205,1,0,0.854035,0.85403510,0.00832119,0.06009186,0.00840981,0.00192816,0.01859002,0.01606708,0.03255676
206,1,0,0.835233,0.83523260,0.00927627,0.06884829,0.00838246,0.00219420,0.01879218,0.01863234,0.03864168
207,1,0,0.698513,0.69851300,0.00951309,0.21080569,0.00779025,0.00222567,0.01894902,0.01743110,0.03477217
208,1,0,0.582555,0.58255451,0.00814170,0.33703726,0.00677963,0.00210474,0.01797800,0.01628921,0.02911495
209,1,0,0.482982,0.48298226,0.00698601,0.44817770,0.00563087,0.00187863,0.01619361,0.01389538,0.02425554
210,1,0,0.500884,0.50088398,0.00640931,0.43087670,0.00514075,0.00171853,0.01681740,0.01429659,0.02385674
211,1,0,0.534324,0.53432409,0.00664672,0.39499227,0.00477626,0.00158643,0.01851754,0.01490009,0.02425658
212,1,0,0.587822,0.58782217,0.00760561,0.33322412,0.00521397,0.00153915,0.01931818,0.01587675,0.02940004
213,1,0,0.640362,0.64036175,0.00865491,0.27813394,0.00614105,0.00147034,0.01839066,0.01424879,0.03259856
214,1,0,0.670598,0.67059780,0.00820076,0.24760282,0.00567595,0.00139053,0.02070049,0.01629177,0.02953988
215,1,0,0.699300,0.69929977,0.01034484,0.20909209,0.00627626,0.00134673,0.01952906,0.01553037,0.03858087
216,1,0,0.732735,0.73273477,0.00999309,0.18052144,0.00617359,0.00127817,0.01795130,0.01491066,0.03643698
217,1,0,0.761614,0.76161425,0.00959930,0.15674996,0.00587989,0.00119579,0.01587679,0.01362738,0.03545665
218,1,0,0.799053,0.79905271,0.00842860,0.13012129,0.00539440,0.00103826,0.01325256,0.01153296,0.03117922
219,1,0,0.826423,0.82642275,0.00739930,0.11045385,0.00504017,0.00092458,0.01125699,0.01016271,0.02833965
220,1,0,0.834605,0.83460461,0.00716560,0.10156541,0.00533092,0.00103700,0.01010579,0.00989236,0.03029832
221,1,0,0.812591,0.81259078,0.00965577,0.10406254,0.00708290,0.00157838,0.01242595,0.01242622,0.04017746
222,1,0,0.831690,0.83169031,0.00866141,0.09219094,0.00678647,0.00143050,0.01082992,0.01154498,0.03686549
223,1,0,0.830732,0.83073181,0.00795997,0.09480243,0.00638442,0.00141308,0.01086736,0.01335013,0.03449080
224,1,0,0.834231,0.83423107,0.00801581,0.09127989,0.00661561,0.00142408,0.01041582,0.01248030,0.03553741
225,1,0,0.839792,0.83979249,0.00821122,0.08318688,0.00711152,0.00154602,0.01012039,0.01232039,0.03771110
226,1,0,0.859613,0.85961345,0.00711504,0.07019014,0.00633542,0.00134204,0.00868818,0.01104857,0.03566716
227,1,0,0.873306,0.87330572,0.00645014,0.06246342,0.00636410,0.00130853,0.00766831,0.01002717,0.03241261
228,1,0,0.855656,0.85565644,0.01034468,0.05971597,0.00831628,0.00168521,0.01591169,0.01155629,0.03681343
229,1,0,0.850203,0.85020270,0.01251175,0.05805299,0.00942621,0.00187872,0.01662370,0.01210324,0.03920069
230,1,0,0.847562,0.84756221,0.01289144,0.05487490,0.00937659,0.00184950,0.01616030,0.01299550,0.04428957
231,1,0,0.848132,0.84813153,0.01229720,0.05431445,0.00871230,0.00172328,0.01683604,0.01441899,0.04356622
232,1,0,0.848610,0.84861011,0.01258092,0.05250402,0.00883856,0.00169731,0.01543629,0.01383402,0.04649877
233,1,0,0.846858,0.84685812,0.01326209,0.05309610,0.00871855,0.00165547,0.01443481,0.01313832,0.04883654
234,1,0,0.841502,0.84150174,0.01246647,0.06251224,0.00821706,0.00156665,0.01408783,0.01317929,0.04646871
235,1,0,0.831624,0.83162351,0.01391798,0.06295545,0.00874311,0.00170656,0.01339804,0.01246696,0.05518840
236,1,0,0.819872,0.81987231,0.01369708,0.07506441,0.00933868,0.00195096,0.01262089,0.01285724,0.05459845
237,1,0,0.758406,0.75840590,0.01333193,0.13747509,0.00888236,0.00204341,0.01316788,0.01284597,0.05384746
238,1,0,0.745723,0.74572330,0.01183497,0.15795983,0.00917387,0.00234821,0.01292630,0.01242138,0.04761215
239,1,0,0.700840,0.70084032,0.01100283,0.20676698,0.00860047,0.00243085,0.01452730,0.01281909,0.04301217
240,1,0,0.664036,0.66403565,0.00979181,0.24780094,0.00776001,0.00232275,0.01522640,0.01366793,0.03939452
241,1,0,0.668292,0.66829208,0.00877453,0.24865917,0.00716781,0.00214910,0.01429139,0.01409621,0.03656971
242,1,0,0.675333,0.67533283,0.00787507,0.24820373,0.00725298,0.00207992,0.01333458,0.01349973,0.03242116
243,1,0,0.700383,0.70038329,0.00684842,0.22905268,0.00651465,0.00191297,0.01202590,0.01379897,0.02946311
244,1,0,0.694234,0.69423450,0.00600658,0.23936332,0.00587779,0.00181994,0.01134128,0.01481408,0.02654251
245,1,0,0.717161,0.71716150,0.00576300,0.21481200,0.00587206,0.00173466,0.01051836,0.01489067,0.02924775
246,1,0,0.729497,0.72949674,0.00543884,0.20302535,0.00579299,0.00167394,0.00984734,0.01512124,0.02960354
247,1,0,0.712989,0.71298911,0.00516675,0.22089792,0.00542722,0.00163534,0.01073812,0.01535480,0.02779074
248,1,0,0.695187,0.69518675,0.00498449,0.23620250,0.00513317,0.00174193,0.01158997,0.01828479,0.02687640
249,1,0,0.695784,0.69578419,0.00461494,0.23847057,0.00518437,0.00186849,0.01071372,0.01835610,0.02500762
250,1,0,0.734105,0.73410496,0.00431203,0.20547283,0.00507062,0.00169486,0.00987000,0.01670700,0.02276769
251,1,0,0.745224,0.74522360,0.00477552,0.19210170,0.00581843,0.00168486,0.00953250,0.01541609,0.02544729
252,1,0,0.758934,0.75893373,0.00518103,0.17654124,0.00611073,0.00168638,0.00996587,0.01505752,0.02652349
253,1,0,0.781708,0.78170768,0.00478662,0.15918253,0.00585024,0.00155776,0.00899299,0.01399973,0.02392247
254,1,0,0.763753,0.76375322,0.00461897,0.17876772,0.00556980,0.00155820,0.00941954,0.01370583,0.02260672
255,1,0,0.762263,0.76226333,0.00496641,0.17817082,0.00534907,0.00152717,0.01044429,0.01377801,0.02350090
256,1,0,0.748163,0.74816292,0.00507008,0.19180283,0.00565079,0.00169238,0.00961285,0.01366927,0.02433889
257,1,0,0.753061,0.75306140,0.00469714,0.18654747,0.00602865,0.00192429,0.00975998,0.01541636,0.02256471
258,1,0,0.729520,0.72951952,0.00493807,0.19675543,0.00621895,0.00222252,0.01348421,0.02176003,0.02510126
259,1,0,0.718720,0.71872019,0.00475234,0.20632512,0.00638197,0.00246669,0.01415556,0.02361581,0.02358232
260,1,0,0.688116,0.68811556,0.00612471,0.22910216,0.00677223,0.00261523,0.01802338,0.02264973,0.02659700
261,1,0,0.572952,0.57295183,0.00606079,0.35048296,0.00629512,0.00282547,0.01832053,0.01988229,0.02318101
262,1,0,0.470086,0.47008643,0.00556862,0.46179074,0.00569164,0.00300188,0.01649740,0.01723842,0.02012488
263,1,0,0.549547,0.38859550,0.00477852,0.54954691,0.00493062,0.00284721,0.01695889,0.01560690,0.01673546
264,1,2,0.630820,0.31690754,0.00390910,0.63081956,0.00413277,0.00258249,0.01454289,0.01337561,0.01373004
265,1,2,0.592514,0.35783387,0.00367228,0.59251439,0.00409073,0.00236812,0.01443538,0.01231104,0.01277420
266,1,2,0.597146,0.34820668,0.00388230,0.59714563,0.00427729,0.00263637,0.01784541,0.01285872,0.01314759
267,1,2,0.548273,0.38576015,0.00400249,0.54827275,0.00489989,0.00275840,0.02313825,0.01649718,0.01467089
268,1,2,0.541714,0.38962870,0.00372831,0.54171390,0.00498714,0.00281310,0.02265063,0.01910892,0.01536930
269,1,2,0.471813,0.45329259,0.00404331,0.47181274,0.00487286,0.00260188,0.02326358,0.02024134,0.01987170
270,1,2,0.479430,0.47943002,0.00364280,0.44870541,0.00472628,0.00242034,0.02103496,0.02090458,0.01913560
271,1,0,0.544905,0.54490549,0.00458208,0.38363358,0.00495427,0.00223919,0.01901526,0.01978320,0.02088692
272,1,0,0.593587,0.59358658,0.00469446,0.33299393,0.00488098,0.00210801,0.01799864,0.01941805,0.02431936
273,1,0,0.625634,0.62563411,0.00462599,0.30252173,0.00565195,0.00218381,0.01601772,0.01867839,0.02468631
274,1,0,0.646042,0.64604154,0.00476056,0.28356577,0.00553609,0.00204304,0.01540673,0.01777055,0.02487572
275,1,0,0.680504,0.68050389,0.00533500,0.24889217,0.00579792,0.00194524,0.01466474,0.01660860,0.02625242
276,1,0,0.698482,0.69848167,0.00567059,0.23023576,0.00576799,0.00189944,0.01503352,0.01591958,0.02699145
277,1,0,0.725685,0.72568450,0.00510996,0.20698827,0.00581972,0.00191671,0.01371872,0.01582717,0.02493495
278,1,0,0.721700,0.72170012,0.00528177,0.20862601,0.00549926,0.00186050,0.01431954,0.01571864,0.02699416
279,1,0,0.738360,0.73836010,0.00563741,0.18745864,0.00583925,0.00191400,0.01439532,0.01533038,0.03106490
280,1,0,0.757694,0.75769426,0.00561364,0.17002375,0.00533418,0.00173089,0.01316729,0.01480534,0.03163064
281,1,0,0.759594,0.75959418,0.00538678,0.16499940,0.00559013,0.00182550,0.01307497,0.01674765,0.03278138
282,1,0,0.780293,0.78029266,0.00532016,0.14396836,0.00657054,0.00190995,0.01232002,0.01643703,0.03318128
283,1,0,0.775744,0.77574434,0.00625909,0.12028744,0.03500928,0.00348251,0.01207119,0.01489735,0.03224879
284,1,0,0.739008,0.73900811,0.00855144,0.10074079,0.07792115,0.00624602,0.01198796,0.01366377,0.04188075
285,1,0,0.612549,0.61254883,0.00871019,0.08152495,0.22214745,0.01078035,0.01087062,0.01152019,0.04189742
286,1,0,0.521469,0.52146907,0.00977371,0.06716087,0.32289941,0.01599887,0.01073451,0.01029929,0.04166426
287,1,0,0.435293,0.43529341,0.00979538,0.05472051,0.42528578,0.01743751,0.00991147,0.00882853,0.03872740
288,1,0,0.491844,0.37310639,0.00967771,0.04697387,0.49184367,0.02385148,0.01058933,0.00829522,0.03566233
289,1,3,0.561383,0.31297698,0.00962632,0.03866890,0.56138298,0.02574658,0.01048933,0.00739019,0.03371872
290,1,3,0.580878,0.29548879,0.01081495,0.03312204,0.58087759,0.02632937,0.01104440,0.00742786,0.03489500
291,1,3,0.610829,0.26781566,0.01160393,0.02847873,0.61082856,0.02648549,0.01130870,0.00701080,0.03646812
292,1,3,0.649328,0.23988390,0.01023244,0.02428569,0.64932818,0.02749569,0.01014837,0.00631646,0.03230927
293,1,3,0.699972,0.20295121,0.00905959,0.01990830,0.69997193,0.02528979,0.00884467,0.00536900,0.02860551
294,1,3,0.727997,0.17968248,0.00879744,0.01703118,0.72799685,0.02566475,0.00843078,0.00514848,0.02724804
295,1,3,0.749308,0.16258547,0.00853093,0.01489894,0.74930792,0.02559211,0.00825654,0.00492858,0.02589952
296,1,3,0.780458,0.14068922,0.00795460,0.01244940,0.78045794,0.02350265,0.00746407,0.00425246,0.02322966
297,1,3,0.807700,0.12092875,0.00723919,0.01041729,0.80770027,0.02230616,0.00707062,0.00375760,0.02058012
298,1,3,0.825816,0.10565300,0.00765007,0.00934948,0.82581564,0.02123733,0.00681582,0.00342688,0.02005180
299,1,3,0.855463,0.08703193,0.00651892,0.00760794,0.85546283,0.01802596,0.00599829,0.00285474,0.01649939
300,1,3,0.879200,0.07167166,0.00575215,0.00619801,0.87919956,0.01580679,0.00528879,0.00243330,0.01364973
301,1,3,0.901592,0.05784426,0.00479240,0.00500027,0.90159203,0.01333381,0.00441295,0.00201444,0.01100983
302,1,3,0.917877,0.04758940,0.00429900,0.00410215,0.91787660,0.01157384,0.00381872,0.00171615,0.00902414
303,1,3,0.932624,0.03859041,0.00363680,0.00331819,0.93262408,0.00990827,0.00318886,0.00143464,0.00729875
304,1,3,0.943781,0.03131475,0.00309036,0.00270253,0.94378140,0.00933075,0.00265592,0.00122193,0.00590237
305,1,3,0.952598,0.02604006,0.00268535,0.00223722,0.95259818,0.00825977,0.00230747,0.00108074,0.00479121
306,1,3,0.955918,0.02328662,0.00263989,0.00199930,0.95591768,0.00880512,0.00225621,0.00106182,0.00403336
307,1,3,0.962765,0.01901494,0.00223412,0.00164884,0.96276453,0.00824356,0.00190514,0.00092192,0.00326696
308,1,3,0.968797,0.01553700,0.00188312,0.00134979,0.96879728,0.00737671,0.00162197,0.00077999,0.00265415
309,1,3,0.973824,0.01289585,0.00158691,0.00110394,0.97382389,0.00638208,0.00137255,0.00066976,0.00216501
310,1,3,0.977274,0.01095503,0.00138690,0.00093526,0.97727424,0.00581930,0.00123210,0.00062029,0.00177689
311,1,3,0.980828,0.00906728,0.00118852,0.00077274,0.98082791,0.00504903,0.00110013,0.00055001,0.00144438
312,1,3,0.982434,0.00789269,0.00108949,0.00069240,0.98243360,0.00499426,0.00110841,0.00059660,0.00119256
313,1,3,0.984907,0.00657861,0.00099483,0.00058055,0.98490691,0.00438435,0.00100757,0.00056964,0.00097753
314,1,3,0.986543,0.00574739,0.00093923,0.00049195,0.98654326,0.00398351,0.00092479,0.00055283,0.00081705
315,1,3,0.987978,0.00487252,0.00085504,0.00041387,0.98797783,0.00384586,0.00085029,0.00050711,0.00067748
316,1,3,0.988003,0.00459319,0.00086986,0.00039672,0.98800280,0.00413810,0.00085950,0.00055898,0.00058084
317,1,3,0.989009,0.00407396,0.00083161,0.00035511,0.98900929,0.00388971,0.00081297,0.00053356,0.00049378
318,1,3,0.989708,0.00381189,0.00079105,0.00032876,0.98970840,0.00367639,0.00076173,0.00049011,0.00043168
319,1,3,0.990166,0.00373214,0.00078929,0.00031200,0.99016600,0.00337970,0.00073900,0.00049630,0.00038558
320,1,3,0.989189,0.00471624,0.00096128,0.00031569,0.98918943,0.00313378,0.00077185,0.00051479,0.00039694
321,1,3,0.988982,0.00452353,0.00108048,0.00031605,0.98898167,0.00322937,0.00085153,0.00063849,0.00037888
322,1,3,0.989927,0.00426443,0.00099545,0.00027989,0.98992674,0.00283706,0.00077697,0.00057824,0.00034122
323,1,3,0.990966,0.00379391,0.00086663,0.00024289,0.99096595,0.00265260,0.00067427,0.00050808,0.00029566
324,1,3,0.991976,0.00330024,0.00075793,0.00021049,0.99197574,0.00245388,0.00059801,0.00045125,0.00025246
325,1,3,0.991681,0.00329626,0.00071445,0.00023221,0.99168123,0.00272944,0.00063800,0.00047234,0.00023609
326,1,3,0.992236,0.00302013,0.00068631,0.00020808,0.99223620,0.00254896,0.00061844,0.00046739,0.00021449
327,1,3,0.992482,0.00298003,0.00064682,0.00019728,0.99248189,0.00243449,0.00058324,0.00047642,0.00019983
328,1,3,0.993016,0.00278971,0.00060514,0.00018337,0.99301648,0.00224475,0.00053552,0.00044213,0.00018291
329,1,3,0.993215,0.00252384,0.00058186,0.00017924,0.99321479,0.00240856,0.00050407,0.00041709,0.00017056
330,1,3,0.993194,0.00247912,0.00063257,0.00018476,0.99319351,0.00237449,0.00052370,0.00043856,0.00017327
331,1,3,0.993961,0.00218765,0.00056739,0.00016246,0.99396051,0.00211462,0.00046905,0.00038268,0.00015564
332,1,3,0.994471,0.00197303,0.00051527,0.00014540,0.99447052,0.00195772,0.00044695,0.00035262,0.00013849
333,1,3,0.994665,0.00197904,0.00049240,0.00013881,0.99466526,0.00181787,0.00043449,0.00034294,0.00012919
334,1,3,0.995241,0.00176793,0.00043182,0.00012197,0.99524089,0.00162682,0.00038781,0.00030900,0.00011376
335,1,3,0.995368,0.00180065,0.00042330,0.00011412,0.99536814,0.00149617,0.00039345,0.00028747,0.00011670
336,1,3,0.995638,0.00161723,0.00038709,0.00010602,0.99563840,0.00149134,0.00038364,0.00026856,0.00010772
337,1,3,0.995729,0.00156145,0.00037253,0.00010648,0.99572892,0.00151132,0.00036155,0.00025613,0.00010162
338,1,3,0.995348,0.00150632,0.00037192,0.00011763,0.99534769,0.00192920,0.00036774,0.00025640,0.00010309
339,1,3,0.995140,0.00163800,0.00039312,0.00012284,0.99513969,0.00192540,0.00038452,0.00028376,0.00011267
340,1,3,0.995244,0.00152480,0.00037151,0.00011797,0.99524403,0.00195311,0.00038816,0.00029120,0.00010923
341,1,3,0.994660,0.00163022,0.00041788,0.00013211,0.99466003,0.00222489,0.00044333,0.00037214,0.00011941
342,1,3,0.993411,0.00205978,0.00048464,0.00017912,0.99341122,0.00277863,0.00047765,0.00046911,0.00013986
343,1,3,0.992741,0.00223246,0.00052579,0.00020184,0.99274105,0.00312141,0.00051602,0.00051053,0.00015091
344,1,3,0.992413,0.00237236,0.00056787,0.00021871,0.99241253,0.00316350,0.00056524,0.00054042,0.00015937
345,1,3,0.991252,0.00312455,0.00068939,0.00026980,0.99125157,0.00318727,0.00066899,0.00060659,0.00020185
346,1,3,0.991522,0.00290152,0.00063596,0.00025871,0.99152201,0.00329911,0.00062951,0.00056628,0.00018690
347,1,3,0.990493,0.00364694,0.00074044,0.00027658,0.99049260,0.00332253,0.00069046,0.00061152,0.00021893
348,1,3,0.990455,0.00337793,0.00069060,0.00027795,0.99045503,0.00373511,0.00066779,0.00058511,0.00021048
349,1,3,0.989355,0.00386314,0.00075731,0.00030936,0.98935533,0.00413461,0.00069865,0.00064795,0.00023366
350,1,3,0.988271,0.00418052,0.00077738,0.00033822,0.98827066,0.00478412,0.00073304,0.00067405,0.00024201
351,1,3,0.988480,0.00446931,0.00076865,0.00031721,0.98847980,0.00439453,0.00068411,0.00063786,0.00024854
352,1,3,0.988953,0.00402729,0.00071904,0.00029539,0.98895296,0.00448918,0.00065475,0.00063311,0.00022828
353,1,3,0.990202,0.00357532,0.00064850,0.00026238,0.99020221,0.00398112,0.00057503,0.00055449,0.00020095
354,1,3,0.991121,0.00317043,0.00059836,0.00023501,0.99112148,0.00366563,0.00051914,0.00050572,0.00018421
355,1,3,0.991264,0.00323822,0.00061634,0.00022836,0.99126368,0.00344362,0.00052706,0.00050395,0.00017876
356,1,3,0.991260,0.00311466,0.00059139,0.00023361,0.99126036,0.00361810,0.00051056,0.00050710,0.00016421
357,1,3,0.991442,0.00295615,0.00059019,0.00023666,0.99144178,0.00362177,0.00049334,0.00050539,0.00015473
358,1,3,0.991766,0.00292052,0.00057198,0.00023244,0.99176609,0.00340243,0.00047891,0.00047991,0.00014772
359,1,3,0.992144,0.00281445,0.00055946,0.00021344,0.99214356,0.00317261,0.00048208,0.00046986,0.00014453
360,1,3,0.992431,0.00299117,0.00054688,0.00019413,0.99243071,0.00282246,0.00044016,0.00043017,0.00014432
361,1,3,0.991545,0.00411074,0.00058112,0.00018681,0.99154510,0.00253207,0.00044060,0.00044053,0.00016303
362,1,3,0.991035,0.00452961,0.00063244,0.00019945,0.99103497,0.00247291,0.00048326,0.00045768,0.00018967
363,1,3,0.990973,0.00477467,0.00066511,0.00019378,0.99097263,0.00226922,0.00047805,0.00044378,0.00020276
364,1,3,0.990677,0.00456212,0.00075116,0.00019450,0.99067745,0.00259745,0.00052296,0.00047636,0.00021800
365,1,3,0.991364,0.00419145,0.00071378,0.00017830,0.99136365,0.00239605,0.00049866,0.00045552,0.00020259
366,1,3,0.991831,0.00395754,0.00068049,0.00016679,0.99183103,0.00226242,0.00047421,0.00043068,0.00019685
367,1,3,0.991958,0.00380954,0.00065158,0.00016912,0.99195808,0.00232060,0.00046669,0.00042493,0.00019946
368,1,3,0.991660,0.00394069,0.00071084,0.00018933,0.99166043,0.00235552,0.00050302,0.00042994,0.00021023
369,1,3,0.990811,0.00387638,0.00079105,0.00022500,0.99081139,0.00288268,0.00061486,0.00054507,0.00025356
370,1,3,0.988710,0.00477403,0.00091563,0.00030112,0.98871035,0.00353330,0.00076226,0.00069955,0.00030375
371,1,3,0.983806,0.00828804,0.00124274,0.00034131,0.98380624,0.00378502,0.00097883,0.00109584,0.00046199
372,1,3,0.970474,0.01873559,0.00192542,0.00065937,0.97047438,0.00425237,0.00165958,0.00153655,0.00075674
373,1,3,0.970179,0.01864584,0.00205702,0.00067000,0.97017867,0.00426530,0.00174072,0.00167564,0.00076682
374,1,3,0.964344,0.02145880,0.00300303,0.00078107,0.96434358,0.00484411,0.00231229,0.00223103,0.00102610
375,1,3,0.956168,0.02863939,0.00312887,0.00081117,0.95616823,0.00487244,0.00278629,0.00247001,0.00112359
376,1,3,0.944382,0.03873319,0.00363137,0.00092551,0.94438197,0.00485890,0.00321777,0.00293731,0.00131398
377,1,3,0.945100,0.03672878,0.00398551,0.00096971,0.94509984,0.00515849,0.00344259,0.00327987,0.00133522
378,1,3,0.932966,0.04252332,0.00681596,0.00117223,0.93296642,0.00589573,0.00518943,0.00380785,0.00162906
379,1,3,0.925278,0.04493691,0.00882706,0.00133153,0.92527791,0.00653587,0.00703328,0.00425483,0.00180260
380,1,3,0.919666,0.04614254,0.00990122,0.00156592,0.91966573,0.00794472,0.00785700,0.00497976,0.00194313
381,1,3,0.923509,0.04387435,0.00899485,0.00157858,0.92350895,0.00823141,0.00715463,0.00475898,0.00189825
382,1,3,0.925434,0.04214271,0.00875148,0.00160793,0.92543377,0.00858496,0.00670653,0.00458208,0.00219053
383,1,3,0.935414,0.03587505,0.00781545,0.00138623,0.93541380,0.00790674,0.00566645,0.00399513,0.00194115
384,1,3,0.942728,0.03168089,0.00688518,0.00121431,0.94272833,0.00724073,0.00489897,0.00362265,0.00172894
385,1,3,0.947589,0.02808384,0.00615108,0.00116396,0.94758914,0.00746473,0.00447922,0.00351554,0.00155249
386,1,3,0.952294,0.02605680,0.00534562,0.00108209,0.95229438,0.00679685,0.00387148,0.00316992,0.00138288
387,1,3,0.957761,0.02314443,0.00460946,0.00095834,0.95776113,0.00608654,0.00346373,0.00275440,0.00122197
388,1,3,0.962380,0.02109952,0.00389110,0.00083436,0.96237961,0.00542498,0.00292802,0.00236437,0.00107804
389,1,3,0.965196,0.01980731,0.00341063,0.00075446,0.96519603,0.00517834,0.00258046,0.00209106,0.00098171
390,1,3,0.969877,0.01704232,0.00291370,0.00065224,0.96987661,0.00472291,0.00218557,0.00176685,0.00083980
391,1,3,0.972834,0.01564877,0.00251264,0.00058784,0.97283450,0.00421851,0.00190700,0.00154472,0.00074602
392,1,3,0.976166,0.01356826,0.00214440,0.00051681,0.97616603,0.00380625,0.00175587,0.00139575,0.00064664
393,1,3,0.978938,0.01147695,0.00193419,0.00046075,0.97893841,0.00370762,0.00159384,0.00129602,0.00059222
394,1,3,0.981558,0.00966745,0.00163894,0.00039713,0.98155792,0.00365506,0.00142339,0.00115490,0.00050521
395,1,3,0.983130,0.00845389,0.00148267,0.00036686,0.98312962,0.00346849,0.00141638,0.00121759,0.00046449
396,1,3,0.985228,0.00727703,0.00131136,0.00032061,0.98522801,0.00309796,0.00127212,0.00108221,0.00041071
397,1,3,0.986816,0.00620530,0.00117311,0.00028680,0.98681640,0.00290401,0.00122065,0.00102678,0.00036696
398,1,3,0.987619,0.00559761,0.00108290,0.00027507,0.98761867,0.00298324,0.00111291,0.00097999,0.00034961
399,1,3,0.988877,0.00495285,0.00095281,0.00025387,0.98887735,0.00275885,0.00102214,0.00088045,0.00030167
400,1,3,0.989647,0.00460800,0.00088941,0.00024797,0.98964707,0.00261363,0.00091901,0.00078732,0.00028760
401,1,3,0.990067,0.00440027,0.00085568,0.00023958,0.99006719,0.00256152,0.00086129,0.00074478,0.00026969
402,1,3,0.990812,0.00390345,0.00079132,0.00021932,0.99081190,0.00256399,0.00077328,0.00069317,0.00024357
403,1,3,0.991353,0.00353886,0.00072271,0.00020924,0.99135257,0.00263536,0.00069413,0.00062194,0.00022519
404,1,3,0.991924,0.00318186,0.00067285,0.00019267,0.99192429,0.00260037,0.00064320,0.00056916,0.00021561
405,1,3,0.992446,0.00280827,0.00060458,0.00017536,0.99244637,0.00266297,0.00059007,0.00051920,0.00019318
406,1,3,0.991264,0.00303255,0.00071638,0.00020250,0.99126390,0.00319065,0.00066656,0.00068967,0.00023779
407,1,3,0.990975,0.00317003,0.00071280,0.00021885,0.99097531,0.00336342,0.00064284,0.00066666,0.00025009
408,1,3,0.989895,0.00357609,0.00073667,0.00026352,0.98989536,0.00388381,0.00065772,0.00071550,0.00027134
409,1,3,0.989816,0.00344109,0.00073749,0.00027169,0.98981573,0.00408057,0.00068631,0.00070307,0.00026404
410,1,3,0.989914,0.00344738,0.00072743,0.00027070,0.98991353,0.00392666,0.00071718,0.00073615,0.00026097
411,1,3,0.989851,0.00365392,0.00069387,0.00027947,0.98985125,0.00384212,0.00070710,0.00071929,0.00025298
412,1,3,0.989602,0.00386107,0.00068475,0.00027963,0.98960194,0.00390384,0.00070044,0.00071051,0.00025783
413,1,3,0.988680,0.00419503,0.00068822,0.00031064,0.98867981,0.00439244,0.00069762,0.00075681,0.00027943
414,1,3,0.985732,0.00447766,0.00082050,0.00044325,0.98573206,0.00641317,0.00087028,0.00092040,0.00032269
415,1,3,0.985486,0.00416359,0.00081086,0.00044571,0.98548617,0.00703003,0.00086315,0.00089801,0.00030250
416,1,3,0.986407,0.00428663,0.00078058,0.00038907,0.98640746,0.00621050,0.00079149,0.00083712,0.00029716
417,1,3,0.986840,0.00407258,0.00076171,0.00038177,0.98684048,0.00606270,0.00076433,0.00084057,0.00027585
418,1,3,0.987314,0.00371609,0.00070913,0.00036710,0.98731370,0.00613016,0.00073517,0.00077222,0.00025644
419,1,3,0.986571,0.00371513,0.00072629,0.00040833,0.98657150,0.00674141,0.00076346,0.00080136,0.00027252
420,1,3,0.985433,0.00402111,0.00078351,0.00043464,0.98543272,0.00732135,0.00084652,0.00086500,0.00029515
421,1,3,0.986227,0.00387557,0.00079691,0.00039237,0.98622720,0.00677570,0.00080723,0.00083311,0.00029192
422,1,3,0.986313,0.00421911,0.00079154,0.00039029,0.98631296,0.00643321,0.00077033,0.00078265,0.00029991
423,1,3,0.986058,0.00431009,0.00079036,0.00038904,0.98605781,0.00655490,0.00080903,0.00078655,0.00030222
424,1,3,0.987207,0.00400648,0.00074087,0.00034377,0.98720718,0.00594946,0.00074989,0.00070700,0.00029535
425,1,3,0.986783,0.00445882,0.00079735,0.00034799,0.98678317,0.00570889,0.00083051,0.00076700,0.00030627
426,1,3,0.986609,0.00455481,0.00086541,0.00033514,0.98660925,0.00564927,0.00088817,0.00075839,0.00033956
427,1,3,0.985637,0.00476897,0.00103732,0.00037484,0.98563713,0.00596451,0.00093879,0.00090122,0.00037722
428,1,3,0.985370,0.00466086,0.00107793,0.00038122,0.98537003,0.00626074,0.00095389,0.00090044,0.00039489
429,1,3,0.985236,0.00436258,0.00109410,0.00036410,0.98523603,0.00652466,0.00106458,0.00097493,0.00037901
430,1,3,0.983299,0.00540908,0.00128044,0.00042193,0.98329938,0.00667484,0.00128423,0.00117968,0.00045041
431,1,3,0.984839,0.00475089,0.00116849,0.00037674,0.98483933,0.00619570,0.00118327,0.00108428,0.00040131
432,1,3,0.985922,0.00433940,0.00108391,0.00033690,0.98592201,0.00583001,0.00107288,0.00104533,0.00036955
433,1,3,0.986011,0.00468756,0.00116305,0.00031984,0.98601051,0.00528516,0.00107984,0.00104584,0.00040820
434,1,3,0.985630,0.00503154,0.00136578,0.00030190,0.98563005,0.00484406,0.00127737,0.00109959,0.00044970
435,1,3,0.985072,0.00546678,0.00150085,0.00031403,0.98507240,0.00471010,0.00126051,0.00116904,0.00050629
436,1,3,0.985723,0.00549625,0.00148849,0.00029271,0.98572321,0.00425178,0.00115132,0.00107286,0.00052337
437,1,3,0.985553,0.00544906,0.00157963,0.00030968,0.98555337,0.00416455,0.00128052,0.00112721,0.00053598
438,1,3,0.985439,0.00572774,0.00158459,0.00030952,0.98543912,0.00397762,0.00132629,0.00107799,0.00055713
439,1,3,0.982440,0.00703426,0.00222106,0.00037623,0.98244041,0.00426217,0.00168066,0.00123255,0.00075266
440,1,3,0.980338,0.00774515,0.00271771,0.00041747,0.98033759,0.00460247,0.00194397,0.00134778,0.00088786
441,1,3,0.975969,0.00977295,0.00342848,0.00050514,0.97596917,0.00506755,0.00242318,0.00153675,0.00129679
442,1,3,0.975926,0.01010432,0.00343021,0.00047647,0.97592632,0.00481791,0.00240802,0.00150027,0.00133649
443,1,3,0.972089,0.01221358,0.00410529,0.00054416,0.97208886,0.00517564,0.00274368,0.00160991,0.00151887
444,1,3,0.970910,0.01267406,0.00440901,0.00056011,0.97090996,0.00538406,0.00277828,0.00152116,0.00176336
445,1,3,0.974113,0.01112117,0.00371814,0.00051249,0.97411272,0.00531767,0.00239376,0.00132394,0.00150012
446,1,3,0.968465,0.01485819,0.00436821,0.00058072,0.96846504,0.00551092,0.00279949,0.00165871,0.00175873
447,1,3,0.960226,0.02058459,0.00501149,0.00065776,0.96022561,0.00578422,0.00357240,0.00205548,0.00210844
448,1,3,0.960389,0.02083561,0.00483263,0.00063462,0.96038913,0.00564973,0.00362362,0.00202172,0.00201294
449,1,3,0.965015,0.01779777,0.00436994,0.00056099,0.96501520,0.00534423,0.00321904,0.00191128,0.00178155
450,1,3,0.966636,0.01708575,0.00414064,0.00054195,0.96663558,0.00504035,0.00307164,0.00178757,0.00169653
451,1,3,0.970241,0.01478739,0.00385045,0.00049074,0.97024138,0.00469010,0.00283793,0.00159983,0.00150218
452,1,3,0.968204,0.01588250,0.00421429,0.00050006,0.96820428,0.00479604,0.00310332,0.00167926,0.00162024
453,1,3,0.970098,0.01472400,0.00394439,0.00047992,0.97009805,0.00470978,0.00296191,0.00158446,0.00149750
454,1,3,0.970168,0.01383496,0.00429737,0.00046777,0.97016840,0.00499612,0.00321068,0.00154786,0.00147684
455,1,3,0.973350,0.01220392,0.00394702,0.00041280,0.97335038,0.00452075,0.00286652,0.00138682,0.00131177
456,1,3,0.973473,0.01115561,0.00406086,0.00044629,0.97347255,0.00532331,0.00282284,0.00144706,0.00127149
457,1,3,0.970566,0.01204594,0.00485019,0.00053984,0.97056588,0.00571395,0.00328135,0.00146422,0.00153863
458,1,3,0.968226,0.01433108,0.00470331,0.00058324,0.96822599,0.00582290,0.00329651,0.00145355,0.00158342
459,1,3,0.970878,0.01245649,0.00418544,0.00055820,0.97087833,0.00611176,0.00301446,0.00140411,0.00139122
460,1,3,0.970430,0.01179769,0.00405585,0.00061273,0.97042969,0.00700785,0.00336927,0.00139372,0.00133321
461,1,3,0.970931,0.01126604,0.00385654,0.00060714,0.97093060,0.00743723,0.00326444,0.00140178,0.00123623
462,1,3,0.972718,0.01010514,0.00360745,0.00057270,0.97271811,0.00736237,0.00318519,0.00133006,0.00111898
463,1,3,0.972562,0.00959623,0.00343589,0.00061285,0.97256166,0.00797275,0.00343596,0.00131971,0.00106496
464,1,3,0.973685,0.00881524,0.00359464,0.00057731,0.97368465,0.00760136,0.00338693,0.00132863,0.00101125
465,1,3,0.975271,0.00817423,0.00351488,0.00052717,0.97527050,0.00711881,0.00323954,0.00122205,0.00093282
466,1,3,0.976966,0.00756699,0.00311228,0.00047892,0.97696571,0.00690802,0.00297547,0.00114095,0.00085166
467,1,3,0.978726,0.00719601,0.00286820,0.00043883,0.97872559,0.00617900,0.00277165,0.00104826,0.00077247
468,1,3,0.980314,0.00665605,0.00272840,0.00040409,0.98031414,0.00570757,0.00248657,0.00098315,0.00072002
469,1,3,0.981475,0.00597830,0.00255176,0.00037310,0.98147496,0.00572713,0.00229897,0.00092737,0.00066840
470,1,3,0.976021,0.00712586,0.00399715,0.00051504,0.97602144,0.00666135,0.00342144,0.00117073,0.00108698
471,1,3,0.977435,0.00706468,0.00364707,0.00049685,0.97743493,0.00616502,0.00308084,0.00107586,0.00103475
472,1,3,0.978971,0.00673198,0.00318763,0.00047128,0.97897063,0.00597041,0.00275587,0.00098242,0.00092977
473,1,3,0.978247,0.00779540,0.00290757,0.00050234,0.97824707,0.00600084,0.00261303,0.00102629,0.00090746
474,1,3,0.968702,0.01226548,0.00497735,0.00064524,0.96870243,0.00640794,0.00415650,0.00121515,0.00162991
475,1,3,0.962191,0.01698827,0.00533001,0.00070246,0.96219098,0.00686022,0.00467947,0.00144401,0.00180458
476,1,3,0.965122,0.01536784,0.00493958,0.00063853,0.96512228,0.00641245,0.00448892,0.00142415,0.00160625
477,1,3,0.966031,0.01424873,0.00494341,0.00064995,0.96603051,0.00673327,0.00444093,0.00147198,0.00148122
478,1,3,0.969130,0.01269895,0.00456078,0.00059932,0.96913027,0.00630588,0.00403092,0.00135250,0.00132137
479,1,3,0.969290,0.01279069,0.00461416,0.00059042,0.96929002,0.00593703,0.00417839,0.00130130,0.00129798
480,1,3,0.967150,0.01462839,0.00459853,0.00062213,0.96715016,0.00589238,0.00438108,0.00132817,0.00139916
481,1,3,0.970393,0.01312477,0.00414890,0.00055512,0.97039251,0.00538216,0.00389430,0.00126409,0.00123815
482,1,3,0.972294,0.01249530,0.00384586,0.00052413,0.97229383,0.00506242,0.00342245,0.00119728,0.00115872
483,1,3,0.973641,0.01130408,0.00366163,0.00054716,0.97364131,0.00547549,0.00307630,0.00118939,0.00110464
484,1,3,0.968599,0.01386095,0.00400117,0.00083436,0.96859885,0.00653847,0.00330810,0.00155363,0.00130447
485,1,3,0.962630,0.01707555,0.00464331,0.00097804,0.96263013,0.00734352,0.00411357,0.00178097,0.00143491
486,1,3,0.960105,0.01825686,0.00476063,0.00101247,0.96010466,0.00770277,0.00470071,0.00197033,0.00149157
487,1,3,0.958284,0.01915477,0.00529837,0.00106479,0.95828365,0.00766333,0.00487862,0.00203540,0.00162106
488,1,3,0.959821,0.01853589,0.00489518,0.00106000,0.95982086,0.00752209,0.00466202,0.00196269,0.00154126
489,1,3,0.961676,0.01763630,0.00446250,0.00106077,0.96167647,0.00770822,0.00415836,0.00184550,0.00145189
490,1,3,0.960306,0.01908875,0.00416826,0.00120288,0.96030561,0.00789521,0.00409537,0.00179972,0.00144420
491,1,3,0.959133,0.01985492,0.00452330,0.00117834,0.95913266,0.00776139,0.00415652,0.00178310,0.00160977
492,1,3,0.957843,0.02034688,0.00507352,0.00113434,0.95784289,0.00774505,0.00437396,0.00174105,0.00174231
493,1,3,0.952453,0.02342843,0.00511641,0.00144372,0.95245330,0.00916835,0.00464155,0.00189974,0.00184850
494,1,3,0.953013,0.02348248,0.00468305,0.00152740,0.95301337,0.00936103,0.00428590,0.00188491,0.00176187
495,1,3,0.955892,0.02125938,0.00483982,0.00137191,0.95589219,0.00891297,0.00415127,0.00192782,0.00164465
496,1,3,0.960264,0.01875681,0.00451830,0.00119249,0.96026376,0.00826096,0.00372970,0.00180517,0.00147281
497,1,3,0.958734,0.01938639,0.00464429,0.00122977,0.95873447,0.00845661,0.00403978,0.00192560,0.00158308
498,1,3,0.962636,0.01721874,0.00428628,0.00109404,0.96263621,0.00798741,0.00361040,0.00175818,0.00140875
499,1,3,0.966536,0.01547128,0.00390283,0.00092692,0.96653608,0.00707204,0.00323889,0.00159016,0.00126180
500,1,3,0.968104,0.01411578,0.00383497,0.00084493,0.96810421,0.00699173,0.00334374,0.00152529,0.00123935
501,1,3,0.968534,0.01398850,0.00349186,0.00082117,0.96853427,0.00714996,0.00316847,0.00167681,0.00116896
502,1,3,0.962659,0.01742382,0.00452525,0.00091682,0.96265924,0.00738172,0.00370626,0.00169288,0.00169400
503,1,3,0.966080,0.01574736,0.00408464,0.00082764,0.96608029,0.00679369,0.00339653,0.00157681,0.00149304
504,1,3,0.962576,0.01808681,0.00436963,0.00090692,0.96257570,0.00686594,0.00388311,0.00166812,0.00164377
505,1,3,0.962161,0.01891897,0.00434466,0.00084124,0.96216130,0.00647323,0.00402538,0.00164110,0.00159413
506,1,3,0.960334,0.01889972,0.00436555,0.00091823,0.96033364,0.00760035,0.00455273,0.00172264,0.00160716
507,1,3,0.959227,0.01911340,0.00450448,0.00101701,0.95922709,0.00793118,0.00485156,0.00180814,0.00154716
508,1,3,0.960041,0.01880601,0.00449858,0.00094706,0.96004093,0.00748987,0.00503784,0.00164503,0.00153468
509,1,3,0.963729,0.01687806,0.00396360,0.00087172,0.96372907,0.00720988,0.00447914,0.00150169,0.00136683
510,1,3,0.964954,0.01620383,0.00377745,0.00083056,0.96495396,0.00730730,0.00418238,0.00139412,0.00135040
511,1,3,0.966748,0.01494966,0.00372619,0.00077602,0.96674754,0.00719057,0.00402395,0.00132534,0.00126073
512,1,3,0.966248,0.01418370,0.00366682,0.00087741,0.96624800,0.00861354,0.00378178,0.00140375,0.00122500
513,1,3,0.950850,0.02143484,0.00537929,0.00131688,0.95084968,0.01081545,0.00619358,0.00230057,0.00170971
514,1,3,0.946508,0.02536315,0.00562001,0.00148265,0.94650846,0.01020230,0.00624404,0.00296436,0.00161502
515,1,3,0.925789,0.04187220,0.00702214,0.00198214,0.92578852,0.00978959,0.00753701,0.00407092,0.00193747
516,1,3,0.930964,0.03810249,0.00634569,0.00193723,0.93096421,0.00967669,0.00711013,0.00409981,0.00176374
517,1,3,0.922135,0.04548606,0.00725212,0.00204615,0.92213499,0.00900561,0.00757225,0.00465202,0.00185082
518,1,3,0.918041,0.04832209,0.00760650,0.00251642,0.91804141,0.00879950,0.00819979,0.00472451,0.00178979
519,1,3,0.915013,0.04913771,0.00816248,0.00289158,0.91501252,0.00929708,0.00845774,0.00506578,0.00197512
520,1,3,0.921593,0.04572641,0.00769458,0.00254224,0.92159315,0.00853284,0.00755573,0.00458155,0.00177351
521,1,3,0.916823,0.04726164,0.00782194,0.00290271,0.91682270,0.00924729,0.00879143,0.00537408,0.00177823
522,1,3,0.913756,0.05158892,0.00780138,0.00277136,0.91375579,0.00838425,0.00885612,0.00507468,0.00176751
523,1,3,0.912413,0.05490118,0.00746915,0.00255681,0.91241329,0.00778524,0.00831827,0.00486816,0.00168789
524,1,3,0.917636,0.05152725,0.00733856,0.00232324,0.91763646,0.00720935,0.00793352,0.00444132,0.00159030
525,1,3,0.920726,0.04776416,0.00769029,0.00215229,0.92072587,0.00705641,0.00876886,0.00429819,0.00154392
526,1,3,0.918036,0.04675106,0.00817642,0.00234382,0.91803615,0.00804409,0.01038669,0.00466006,0.00160172
527,1,3,0.903070,0.05381826,0.00921072,0.00319996,0.90306961,0.00943149,0.01314147,0.00612809,0.00200040
528,1,3,0.896729,0.05910878,0.01000164,0.00326132,0.89672943,0.00941664,0.01303361,0.00620431,0.00224426
529,1,3,0.900856,0.05704714,0.00949596,0.00317317,0.90085575,0.00939147,0.01198839,0.00592917,0.00211894
530,1,3,0.904831,0.05333160,0.00922935,0.00351976,0.90483098,0.00971584,0.01156124,0.00573460,0.00207665
531,1,3,0.871839,0.07535705,0.01098944,0.00519033,0.87183884,0.00933672,0.01687708,0.00814024,0.00227029
532,1,3,0.853233,0.07813234,0.01315651,0.01029462,0.85323303,0.01013399,0.02331894,0.00919917,0.00253139
533,1,3,0.835549,0.07439959,0.01552837,0.02132354,0.83554949,0.01385732,0.02515474,0.01126235,0.00292460
534,1,3,0.786374,0.08981048,0.01933984,0.03459594,0.78637379,0.01575343,0.03336350,0.01694281,0.00382023
535,1,3,0.785646,0.09615608,0.01976916,0.03123105,0.78564648,0.01478099,0.03266008,0.01606422,0.00369194
536,1,3,0.790895,0.10974839,0.01757997,0.02549766,0.79089465,0.01229254,0.02714285,0.01344367,0.00340027
537,1,3,0.772792,0.13305276,0.01753248,0.02201349,0.77279190,0.01121807,0.02699287,0.01287873,0.00351970
538,1,3,0.764935,0.15059149,0.01694523,0.01861631,0.76493455,0.00971447,0.02448195,0.01131861,0.00339739
539,1,3,0.727736,0.18990232,0.01595459,0.01711165,0.72773555,0.00962387,0.02410527,0.01206333,0.00350342
540,1,3,0.709234,0.19059836,0.01792433,0.01712083,0.70923382,0.01075383,0.03433521,0.01596892,0.00406470
541,1,3,0.713013,0.18624315,0.01687456,0.01642996,0.71301284,0.01146941,0.03450767,0.01770332,0.00375909
542,1,3,0.700640,0.19508847,0.01758917,0.01563493,0.70063990,0.01111157,0.03728982,0.01875580,0.00389034
543,1,3,0.701727,0.19629543,0.01707144,0.01553025,0.70172671,0.01138868,0.03589252,0.01825996,0.00383500
544,1,3,0.663864,0.23445411,0.01794191,0.01529405,0.66386389,0.01064663,0.03604535,0.01754389,0.00421017
545,1,3,0.682024,0.21954098,0.01740624,0.01419512,0.68202414,0.01074016,0.03623695,0.01591923,0.00393720
546,1,3,0.703738,0.20663110,0.01698980,0.01239064,0.70373762,0.01013589,0.03208756,0.01419685,0.00383053
547,1,3,0.700924,0.21291240,0.01757381,0.01189679,0.70092396,0.01006092,0.02945854,0.01287248,0.00430110
548,1,3,0.671553,0.24480398,0.01803431,0.01142112,0.67155293,0.00936312,0.02738643,0.01243249,0.00500562
549,1,3,0.654035,0.26387682,0.01809437,0.01087668,0.65403456,0.00888438,0.02691745,0.01218752,0.00512823
550,1,3,0.672439,0.25082325,0.01761660,0.00944748,0.67243902,0.00794091,0.02568681,0.01130183,0.00474411
551,1,3,0.674302,0.25071881,0.01674698,0.00924834,0.67430151,0.00821896,0.02534657,0.01054776,0.00487108
552,1,3,0.678431,0.24810634,0.01718128,0.00864561,0.67843083,0.00798645,0.02492028,0.00975988,0.00496933
553,1,3,0.642047,0.27908705,0.01710236,0.01098993,0.64204679,0.00816370,0.02811239,0.00949054,0.00500724
554,1,3,0.625953,0.29449912,0.01753998,0.01111643,0.62595311,0.00847252,0.02733597,0.00945009,0.00563278
555,1,3,0.647285,0.27584274,0.01699158,0.01040112,0.64728543,0.00884613,0.02556321,0.00964732,0.00542246
556,1,3,0.674717,0.25149624,0.01725299,0.00951624,0.67471748,0.00863520,0.02379141,0.00944442,0.00514602
557,1,3,0.694442,0.23560194,0.01656804,0.00862635,0.69444161,0.00821953,0.02242766,0.00901964,0.00509524
558,1,3,0.689999,0.23887868,0.01686536,0.00830105,0.68999856,0.00834574,0.02234551,0.01012039,0.00514471
559,1,3,0.700208,0.22668868,0.01765935,0.00827193,0.70020808,0.00886662,0.02231332,0.01035146,0.00564056
560,1,3,0.732677,0.20015449,0.01669305,0.00743822,0.73267717,0.00840040,0.01973051,0.00974648,0.00515968
561,1,3,0.712582,0.22137787,0.01650026,0.00733110,0.71258229,0.00795016,0.01927531,0.00965262,0.00533039
562,1,3,0.714412,0.21471226,0.01804408,0.00790196,0.71441217,0.00837305,0.02157377,0.00969140,0.00529132
563,1,3,0.735790,0.19580951,0.01788944,0.00756070,0.73579015,0.00846432,0.02060860,0.00880817,0.00506911
564,1,3,0.739471,0.19369538,0.01699700,0.00785070,0.73947121,0.00825300,0.02072447,0.00834561,0.00466263
565,1,3,0.759520,0.17677056,0.01651400,0.00697336,0.75951968,0.00800069,0.01976670,0.00795406,0.00450095
566,1,3,0.766504,0.17047688,0.01721939,0.00646039,0.76650390,0.00795103,0.01881169,0.00780762,0.00476910
567,1,3,0.780360,0.15866707,0.01735843,0.00583401,0.78035971,0.00761211,0.01788251,0.00733968,0.00494648
568,1,3,0.796726,0.14707268,0.01583774,0.00537824,0.79672605,0.00724159,0.01607182,0.00723968,0.00443220
569,1,3,0.811875,0.13056846,0.01801947,0.00520565,0.81187513,0.00739074,0.01530759,0.00739400,0.00423897
570,1,3,0.806544,0.13020193,0.02113312,0.00603297,0.80654366,0.00815962,0.01536765,0.00750903,0.00505202
571,1,3,0.808178,0.12944681,0.02024268,0.00612018,0.80817756,0.00842120,0.01479932,0.00786397,0.00492828
572,1,3,0.789362,0.13805264,0.02462270,0.00720265,0.78936208,0.00986991,0.01611218,0.00889595,0.00588190
573,1,3,0.745309,0.17331598,0.02695365,0.00807542,0.74530856,0.00958939,0.01911797,0.01114430,0.00649473
574,1,3,0.732763,0.18389481,0.02782052,0.00777909,0.73276295,0.00932329,0.01927201,0.01153680,0.00761053
575,1,3,0.714617,0.20087264,0.02808933,0.00772741,0.71461695,0.00884075,0.01980047,0.01213869,0.00791376
576,1,3,0.712614,0.20511953,0.02822619,0.00758725,0.71261445,0.00838467,0.01830495,0.01164264,0.00812032
577,1,3,0.716620,0.20562401,0.02781422,0.00681740,0.71661978,0.00763838,0.01665227,0.01048206,0.00835188
578,1,3,0.740808,0.18858520,0.02589813,0.00622386,0.74080793,0.00712613,0.01465107,0.00910708,0.00760060
579,1,3,0.739072,0.18912473,0.02724529,0.00608893,0.73907226,0.00694472,0.01512979,0.00852256,0.00787172
580,1,3,0.751700,0.17874429,0.02686986,0.00591335,0.75170007,0.00687119,0.01440497,0.00811536,0.00738092
581,1,3,0.765042,0.16850679,0.02491535,0.00571117,0.76504217,0.00710866,0.01386600,0.00796867,0.00688119
582,1,3,0.793796,0.14518029,0.02279800,0.00515285,0.79379571,0.00693685,0.01279312,0.00726678,0.00607639
583,1,3,0.798493,0.14186588,0.02215905,0.00486572,0.79849332,0.00675806,0.01300871,0.00714379,0.00570546
584,1,3,0.790510,0.14951044,0.02179019,0.00539923,0.79051018,0.00696670,0.01275947,0.00732538,0.00573842
585,1,3,0.784321,0.15597538,0.02127440,0.00526563,0.78432099,0.00705563,0.01291052,0.00722702,0.00597043
586,1,3,0.789374,0.15287174,0.02031469,0.00514249,0.78937400,0.00702492,0.01211496,0.00692560,0.00623160
587,1,3,0.791794,0.15345130,0.01929503,0.00473859,0.79179423,0.00680661,0.01091595,0.00648773,0.00651055
588,1,3,0.807537,0.14105665,0.01765813,0.00462819,0.80753746,0.00684246,0.01029243,0.00609534,0.00588934
589,1,3,0.804827,0.14417117,0.01750664,0.00459618,0.80482736,0.00692313,0.01007570,0.00598193,0.00591789
590,1,3,0.793115,0.15034495,0.01925776,0.00517712,0.79311517,0.00764320,0.01119837,0.00660360,0.00665983
591,1,3,0.780795,0.15921267,0.02011829,0.00535187,0.78079532,0.00786051,0.01188642,0.00713685,0.00763807
592,1,3,0.758284,0.17544389,0.02322642,0.00571133,0.75828424,0.00794537,0.01321374,0.00754441,0.00863061
593,1,3,0.772540,0.16580077,0.02218127,0.00526775,0.77253956,0.00747055,0.01205115,0.00696383,0.00772512
594,1,3,0.783444,0.15893714,0.02060759,0.00478512,0.78344412,0.00706204,0.01158034,0.00648275,0.00710091
595,1,3,0.779936,0.15088540,0.02457677,0.00560866,0.77993622,0.00867439,0.01421743,0.00866032,0.00744081
596,1,3,0.774540,0.15290048,0.02532888,0.00590355,0.77453991,0.00949774,0.01523423,0.00894667,0.00764855
597,1,3,0.776696,0.15091382,0.02614980,0.00626801,0.77669550,0.00942135,0.01459193,0.00861901,0.00734057
598,1,3,0.804371,0.12906287,0.02380446,0.00565759,0.80437076,0.00967536,0.01346083,0.00777064,0.00619749
599,1,3,0.816673,0.11901373,0.02162878,0.00591727,0.81667297,0.01060799,0.01324978,0.00758610,0.00532337
600,1,3,0.822647,0.10952576,0.02163632,0.00649845,0.82264668,0.01170931,0.01483432,0.00829677,0.00485240
601,1,3,0.837068,0.09915070,0.01985499,0.00580671,0.83706786,0.01121495,0.01432670,0.00827809,0.00430000
